<?xml version="1.0" encoding="UTF-8"?>
<gmd:MD_Metadata xmlns:gmd="http://www.isotc211.org/2005/gmd"
                 xmlns:xsi="http://www.w3.org/2001/XMLSchema-instance"
                 xsi:schemaLocation="http://www.isotc211.org/2005/gmd http://www.isotc211.org/2005/gmd/gmd.xsd&#xA;        http://www.isotc211.org/2005/gmx http://www.isotc211.org/2005/gmx/gmx.xsd http://www.isotc211.org/2005/srv&#xA;        http://schemas.opengis.net/iso/19139/20060504/srv/srv.xsd&#xA;      ">
   <gmd:fileIdentifier xmlns:che="http://www.geocat.ch/2008/che"
                       xmlns:gco="http://www.isotc211.org/2005/gco"
                       xmlns:srv="http://www.isotc211.org/2005/srv"
                       xmlns:gmx="http://www.isotc211.org/2005/gmx"
                       xmlns:gts="http://www.isotc211.org/2005/gts"
                       xmlns:gsr="http://www.isotc211.org/2005/gsr"
                       xmlns:gmi="http://www.isotc211.org/2005/gmi"
                       xmlns:gml="http://www.opengis.net/gml/3.2"
                       xmlns:xlink="http://www.w3.org/1999/xlink"
                       xmlns:geonet="http://www.fao.org/geonetwork">
      <gco:CharacterString>7eeb5314-f988-4e70-be61-07bfafc10439</gco:CharacterString>
  </gmd:fileIdentifier>
   <gmd:language xmlns:che="http://www.geocat.ch/2008/che"
                 xmlns:gco="http://www.isotc211.org/2005/gco"
                 xmlns:srv="http://www.isotc211.org/2005/srv"
                 xmlns:gmx="http://www.isotc211.org/2005/gmx"
                 xmlns:gts="http://www.isotc211.org/2005/gts"
                 xmlns:gsr="http://www.isotc211.org/2005/gsr"
                 xmlns:gmi="http://www.isotc211.org/2005/gmi"
                 xmlns:gml="http://www.opengis.net/gml/3.2"
                 xmlns:xlink="http://www.w3.org/1999/xlink"
                 xmlns:geonet="http://www.fao.org/geonetwork">
      <gmd:LanguageCode codeList="http://www.loc.gov/standards/iso639-2/" codeListValue="ger"/>
  </gmd:language>
   <gmd:characterSet xmlns:che="http://www.geocat.ch/2008/che"
                     xmlns:gco="http://www.isotc211.org/2005/gco"
                     xmlns:srv="http://www.isotc211.org/2005/srv"
                     xmlns:gmx="http://www.isotc211.org/2005/gmx"
                     xmlns:gts="http://www.isotc211.org/2005/gts"
                     xmlns:gsr="http://www.isotc211.org/2005/gsr"
                     xmlns:gmi="http://www.isotc211.org/2005/gmi"
                     xmlns:gml="http://www.opengis.net/gml/3.2"
                     xmlns:xlink="http://www.w3.org/1999/xlink"
                     xmlns:geonet="http://www.fao.org/geonetwork">
      <gmd:MD_CharacterSetCode codeList="http://standards.iso.org/ittf/PubliclyAvailableStandards/ISO_19139_Schemas/resources/codelist/ML_gmxCodelists.xml#MD_CharacterSetCode"
                               codeListValue="utf8"/>
  </gmd:characterSet>
   <gmd:hierarchyLevel xmlns:che="http://www.geocat.ch/2008/che"
                       xmlns:gco="http://www.isotc211.org/2005/gco"
                       xmlns:srv="http://www.isotc211.org/2005/srv"
                       xmlns:gmx="http://www.isotc211.org/2005/gmx"
                       xmlns:gts="http://www.isotc211.org/2005/gts"
                       xmlns:gsr="http://www.isotc211.org/2005/gsr"
                       xmlns:gmi="http://www.isotc211.org/2005/gmi"
                       xmlns:gml="http://www.opengis.net/gml/3.2"
                       xmlns:xlink="http://www.w3.org/1999/xlink"
                       xmlns:geonet="http://www.fao.org/geonetwork">
      <gmd:MD_ScopeCode codeList="http://standards.iso.org/ittf/PubliclyAvailableStandards/ISO_19139_Schemas/resources/codelist/ML_gmxCodelists.xml#MD_ScopeCode"
                        codeListValue="dataset"/>
  </gmd:hierarchyLevel>
   <gmd:contact xmlns:che="http://www.geocat.ch/2008/che"
                xmlns:gco="http://www.isotc211.org/2005/gco"
                xmlns:srv="http://www.isotc211.org/2005/srv"
                xmlns:gmx="http://www.isotc211.org/2005/gmx"
                xmlns:gts="http://www.isotc211.org/2005/gts"
                xmlns:gsr="http://www.isotc211.org/2005/gsr"
                xmlns:gmi="http://www.isotc211.org/2005/gmi"
                xmlns:gml="http://www.opengis.net/gml/3.2"
                xmlns:xlink="http://www.w3.org/1999/xlink"
                xmlns:geonet="http://www.fao.org/geonetwork">
      <gmd:CI_ResponsibleParty>
         <gmd:organisationName xsi:type="gmd:PT_FreeText_PropertyType">
            <gco:CharacterString>Bundesamt für Landestopografie</gco:CharacterString>
            <gmd:PT_FreeText>
               <gmd:textGroup>
                  <gmd:LocalisedCharacterString locale="#DE">Bundesamt für Landestopografie</gmd:LocalisedCharacterString>
               </gmd:textGroup>
               <gmd:textGroup>
                  <gmd:LocalisedCharacterString locale="#FR">Office fédéral de topographie</gmd:LocalisedCharacterString>
               </gmd:textGroup>
               <gmd:textGroup>
                  <gmd:LocalisedCharacterString locale="#IT">Ufficio federale di topografia</gmd:LocalisedCharacterString>
               </gmd:textGroup>
               <gmd:textGroup>
                  <gmd:LocalisedCharacterString locale="#EN">Federal Office of Topography</gmd:LocalisedCharacterString>
               </gmd:textGroup>
            </gmd:PT_FreeText>
         </gmd:organisationName>
         <gmd:positionName xsi:type="gmd:PT_FreeText_PropertyType">
            <gco:CharacterString>Metadaten</gco:CharacterString>
            <gmd:PT_FreeText>
               <gmd:textGroup>
                  <gmd:LocalisedCharacterString locale="#DE">Metadaten</gmd:LocalisedCharacterString>
               </gmd:textGroup>
               <gmd:textGroup>
                  <gmd:LocalisedCharacterString locale="#FR">Métadonnées</gmd:LocalisedCharacterString>
               </gmd:textGroup>
               <gmd:textGroup>
                  <gmd:LocalisedCharacterString locale="#IT">Metadati</gmd:LocalisedCharacterString>
               </gmd:textGroup>
               <gmd:textGroup>
                  <gmd:LocalisedCharacterString locale="#EN">Metadata contact</gmd:LocalisedCharacterString>
               </gmd:textGroup>
            </gmd:PT_FreeText>
         </gmd:positionName>
         <gmd:contactInfo>
            <gmd:CI_Contact>
               <gmd:phone>
                  <gmd:CI_Telephone>
                     <gmd:voice>
                        <gco:CharacterString>+41 58 469 01 11</gco:CharacterString>
                     </gmd:voice>
                  </gmd:CI_Telephone>
               </gmd:phone>
               <gmd:address>
                  <gmd:CI_Address>
                     <gmd:city>
                        <gco:CharacterString>Wabern</gco:CharacterString>
                     </gmd:city>
                     <gmd:postalCode>
                        <gco:CharacterString>3084</gco:CharacterString>
                     </gmd:postalCode>
                     <gmd:country>
                        <gco:CharacterString>CH</gco:CharacterString>
                     </gmd:country>
                     <gmd:electronicMailAddress>
                        <gco:CharacterString>geocat@swisstopo.ch</gco:CharacterString>
                     </gmd:electronicMailAddress>
                  </gmd:CI_Address>
               </gmd:address>
               <gmd:onlineResource>
                  <gmd:CI_OnlineResource>
                     <gmd:linkage>
                        <gmd:URL>http://www.swisstopo.admin.ch</gmd:URL>
                     </gmd:linkage>
                     <gmd:protocol>
                        <gco:CharacterString>text/html</gco:CharacterString>
                     </gmd:protocol>
                  </gmd:CI_OnlineResource>
               </gmd:onlineResource>
               <gmd:hoursOfService>
                  <gco:CharacterString>08h30 - 11h00 / 14h00 - 16h00 GMT+1</gco:CharacterString>
               </gmd:hoursOfService>
            </gmd:CI_Contact>
         </gmd:contactInfo>
         <gmd:role>
            <gmd:CI_RoleCode codeList="http://www.isotc211.org/2005/resources/codeList.xml#CI_RoleCode"
                             codeListValue="pointOfContact"/>
         </gmd:role>
      </gmd:CI_ResponsibleParty>
   </gmd:contact>
   <gmd:dateStamp xmlns:che="http://www.geocat.ch/2008/che"
                  xmlns:gco="http://www.isotc211.org/2005/gco"
                  xmlns:srv="http://www.isotc211.org/2005/srv"
                  xmlns:gmx="http://www.isotc211.org/2005/gmx"
                  xmlns:gts="http://www.isotc211.org/2005/gts"
                  xmlns:gsr="http://www.isotc211.org/2005/gsr"
                  xmlns:gmi="http://www.isotc211.org/2005/gmi"
                  xmlns:gml="http://www.opengis.net/gml/3.2"
                  xmlns:xlink="http://www.w3.org/1999/xlink"
                  xmlns:geonet="http://www.fao.org/geonetwork">
      <gco:DateTime>2021-01-26T06:59:16</gco:DateTime>
  </gmd:dateStamp>
   <gmd:metadataStandardName xmlns:che="http://www.geocat.ch/2008/che"
                             xmlns:gco="http://www.isotc211.org/2005/gco"
                             xmlns:srv="http://www.isotc211.org/2005/srv"
                             xmlns:gmx="http://www.isotc211.org/2005/gmx"
                             xmlns:gts="http://www.isotc211.org/2005/gts"
                             xmlns:gsr="http://www.isotc211.org/2005/gsr"
                             xmlns:gmi="http://www.isotc211.org/2005/gmi"
                             xmlns:gml="http://www.opengis.net/gml/3.2"
                             xmlns:xlink="http://www.w3.org/1999/xlink"
                             xmlns:geonet="http://www.fao.org/geonetwork">
      <gco:CharacterString>GM03 2+</gco:CharacterString>
  </gmd:metadataStandardName>
   <gmd:dataSetURI xmlns:che="http://www.geocat.ch/2008/che"
                   xmlns:gco="http://www.isotc211.org/2005/gco"
                   xmlns:srv="http://www.isotc211.org/2005/srv"
                   xmlns:gmx="http://www.isotc211.org/2005/gmx"
                   xmlns:gts="http://www.isotc211.org/2005/gts"
                   xmlns:gsr="http://www.isotc211.org/2005/gsr"
                   xmlns:gmi="http://www.isotc211.org/2005/gmi"
                   xmlns:gml="http://www.opengis.net/gml/3.2"
                   xmlns:xlink="http://www.w3.org/1999/xlink"
                   xmlns:geonet="http://www.fao.org/geonetwork">
      <gco:CharacterString>https://www.swisstopo.admin.ch/de/geodata/height/dhm25200.html</gco:CharacterString>
  </gmd:dataSetURI>
   <gmd:locale xmlns:che="http://www.geocat.ch/2008/che"
               xmlns:gco="http://www.isotc211.org/2005/gco"
               xmlns:srv="http://www.isotc211.org/2005/srv"
               xmlns:gmx="http://www.isotc211.org/2005/gmx"
               xmlns:gts="http://www.isotc211.org/2005/gts"
               xmlns:gsr="http://www.isotc211.org/2005/gsr"
               xmlns:gmi="http://www.isotc211.org/2005/gmi"
               xmlns:gml="http://www.opengis.net/gml/3.2"
               xmlns:xlink="http://www.w3.org/1999/xlink"
               xmlns:geonet="http://www.fao.org/geonetwork">
      <gmd:PT_Locale id="FR">
         <gmd:languageCode>
            <gmd:LanguageCode codeList="http://www.loc.gov/standards/iso639-2/" codeListValue="fre"/>
         </gmd:languageCode>
         <gmd:characterEncoding>
            <gmd:MD_CharacterSetCode codeList="http://standards.iso.org/ittf/PubliclyAvailableStandards/ISO_19139_Schemas/resources/codelist/ML_gmxCodelists.xml#MD_CharacterSetCode"
                                     codeListValue="utf8"/>
         </gmd:characterEncoding>
      </gmd:PT_Locale>
  </gmd:locale>
   <gmd:locale xmlns:che="http://www.geocat.ch/2008/che"
               xmlns:gco="http://www.isotc211.org/2005/gco"
               xmlns:srv="http://www.isotc211.org/2005/srv"
               xmlns:gmx="http://www.isotc211.org/2005/gmx"
               xmlns:gts="http://www.isotc211.org/2005/gts"
               xmlns:gsr="http://www.isotc211.org/2005/gsr"
               xmlns:gmi="http://www.isotc211.org/2005/gmi"
               xmlns:gml="http://www.opengis.net/gml/3.2"
               xmlns:xlink="http://www.w3.org/1999/xlink"
               xmlns:geonet="http://www.fao.org/geonetwork">
      <gmd:PT_Locale id="IT">
         <gmd:languageCode>
            <gmd:LanguageCode codeList="http://www.loc.gov/standards/iso639-2/" codeListValue="ita"/>
         </gmd:languageCode>
         <gmd:characterEncoding>
            <gmd:MD_CharacterSetCode codeList="http://standards.iso.org/ittf/PubliclyAvailableStandards/ISO_19139_Schemas/resources/codelist/ML_gmxCodelists.xml#MD_CharacterSetCode"
                                     codeListValue="utf8"/>
         </gmd:characterEncoding>
      </gmd:PT_Locale>
  </gmd:locale>
   <gmd:locale xmlns:che="http://www.geocat.ch/2008/che"
               xmlns:gco="http://www.isotc211.org/2005/gco"
               xmlns:srv="http://www.isotc211.org/2005/srv"
               xmlns:gmx="http://www.isotc211.org/2005/gmx"
               xmlns:gts="http://www.isotc211.org/2005/gts"
               xmlns:gsr="http://www.isotc211.org/2005/gsr"
               xmlns:gmi="http://www.isotc211.org/2005/gmi"
               xmlns:gml="http://www.opengis.net/gml/3.2"
               xmlns:xlink="http://www.w3.org/1999/xlink"
               xmlns:geonet="http://www.fao.org/geonetwork">
      <gmd:PT_Locale id="EN">
         <gmd:languageCode>
            <gmd:LanguageCode codeList="http://www.loc.gov/standards/iso639-2/" codeListValue="eng"/>
         </gmd:languageCode>
         <gmd:characterEncoding>
            <gmd:MD_CharacterSetCode codeList="http://standards.iso.org/ittf/PubliclyAvailableStandards/ISO_19139_Schemas/resources/codelist/ML_gmxCodelists.xml#MD_CharacterSetCode"
                                     codeListValue="utf8"/>
         </gmd:characterEncoding>
      </gmd:PT_Locale>
  </gmd:locale>
   <gmd:locale xmlns:che="http://www.geocat.ch/2008/che"
               xmlns:gco="http://www.isotc211.org/2005/gco"
               xmlns:srv="http://www.isotc211.org/2005/srv"
               xmlns:gmx="http://www.isotc211.org/2005/gmx"
               xmlns:gts="http://www.isotc211.org/2005/gts"
               xmlns:gsr="http://www.isotc211.org/2005/gsr"
               xmlns:gmi="http://www.isotc211.org/2005/gmi"
               xmlns:gml="http://www.opengis.net/gml/3.2"
               xmlns:xlink="http://www.w3.org/1999/xlink"
               xmlns:geonet="http://www.fao.org/geonetwork">
      <gmd:PT_Locale id="DE">
         <gmd:languageCode>
            <gmd:LanguageCode codeList="http://www.loc.gov/standards/iso639-2/" codeListValue="ger"/>
         </gmd:languageCode>
         <gmd:characterEncoding>
            <gmd:MD_CharacterSetCode codeList="http://standards.iso.org/ittf/PubliclyAvailableStandards/ISO_19139_Schemas/resources/codelist/ML_gmxCodelists.xml#MD_CharacterSetCode"
                                     codeListValue="utf8"/>
         </gmd:characterEncoding>
      </gmd:PT_Locale>
  </gmd:locale>
   <gmd:referenceSystemInfo xmlns:che="http://www.geocat.ch/2008/che"
                            xmlns:gco="http://www.isotc211.org/2005/gco"
                            xmlns:srv="http://www.isotc211.org/2005/srv"
                            xmlns:gmx="http://www.isotc211.org/2005/gmx"
                            xmlns:gts="http://www.isotc211.org/2005/gts"
                            xmlns:gsr="http://www.isotc211.org/2005/gsr"
                            xmlns:gmi="http://www.isotc211.org/2005/gmi"
                            xmlns:gml="http://www.opengis.net/gml/3.2"
                            xmlns:xlink="http://www.w3.org/1999/xlink"
                            xmlns:geonet="http://www.fao.org/geonetwork">
      <gmd:MD_ReferenceSystem>
         <gmd:referenceSystemIdentifier>
            <gmd:RS_Identifier>
               <gmd:code xsi:type="gmd:PT_FreeText_PropertyType">
                  <gco:CharacterString>EPSG:21781</gco:CharacterString>
                  <gmd:PT_FreeText>
                     <gmd:textGroup>
                        <gmd:LocalisedCharacterString locale="#DE">EPSG:21781</gmd:LocalisedCharacterString>
                     </gmd:textGroup>
                     <gmd:textGroup>
                        <gmd:LocalisedCharacterString locale="#FR">EPSG:21781</gmd:LocalisedCharacterString>
                     </gmd:textGroup>
                     <gmd:textGroup>
                        <gmd:LocalisedCharacterString locale="#IT">EPSG:21781</gmd:LocalisedCharacterString>
                     </gmd:textGroup>
                     <gmd:textGroup>
                        <gmd:LocalisedCharacterString locale="#EN">EPSG:21781</gmd:LocalisedCharacterString>
                     </gmd:textGroup>
                  </gmd:PT_FreeText>
               </gmd:code>
            </gmd:RS_Identifier>
         </gmd:referenceSystemIdentifier>
      </gmd:MD_ReferenceSystem>
  </gmd:referenceSystemInfo>
   <gmd:referenceSystemInfo xmlns:che="http://www.geocat.ch/2008/che"
                            xmlns:gco="http://www.isotc211.org/2005/gco"
                            xmlns:srv="http://www.isotc211.org/2005/srv"
                            xmlns:gmx="http://www.isotc211.org/2005/gmx"
                            xmlns:gts="http://www.isotc211.org/2005/gts"
                            xmlns:gsr="http://www.isotc211.org/2005/gsr"
                            xmlns:gmi="http://www.isotc211.org/2005/gmi"
                            xmlns:gml="http://www.opengis.net/gml/3.2"
                            xmlns:xlink="http://www.w3.org/1999/xlink"
                            xmlns:geonet="http://www.fao.org/geonetwork">
      <gmd:MD_ReferenceSystem>
         <gmd:referenceSystemIdentifier>
            <gmd:RS_Identifier>
               <gmd:code xsi:type="gmd:PT_FreeText_PropertyType">
                  <gco:CharacterString>EPSG:5728</gco:CharacterString>
                  <gmd:PT_FreeText>
                     <gmd:textGroup>
                        <gmd:LocalisedCharacterString locale="#DE">EPSG:5728</gmd:LocalisedCharacterString>
                     </gmd:textGroup>
                     <gmd:textGroup>
                        <gmd:LocalisedCharacterString locale="#FR">EPSG:5728</gmd:LocalisedCharacterString>
                     </gmd:textGroup>
                     <gmd:textGroup>
                        <gmd:LocalisedCharacterString locale="#IT">EPSG:5728</gmd:LocalisedCharacterString>
                     </gmd:textGroup>
                     <gmd:textGroup>
                        <gmd:LocalisedCharacterString locale="#EN">EPSG:5728</gmd:LocalisedCharacterString>
                     </gmd:textGroup>
                  </gmd:PT_FreeText>
               </gmd:code>
            </gmd:RS_Identifier>
         </gmd:referenceSystemIdentifier>
      </gmd:MD_ReferenceSystem>
  </gmd:referenceSystemInfo>
   <gmd:identificationInfo xmlns:che="http://www.geocat.ch/2008/che"
                           xmlns:gco="http://www.isotc211.org/2005/gco"
                           xmlns:srv="http://www.isotc211.org/2005/srv"
                           xmlns:gmx="http://www.isotc211.org/2005/gmx"
                           xmlns:gts="http://www.isotc211.org/2005/gts"
                           xmlns:gsr="http://www.isotc211.org/2005/gsr"
                           xmlns:gmi="http://www.isotc211.org/2005/gmi"
                           xmlns:gml="http://www.opengis.net/gml/3.2"
                           xmlns:xlink="http://www.w3.org/1999/xlink"
                           xmlns:geonet="http://www.fao.org/geonetwork">
      <gmd:MD_DataIdentification>
         <gmd:citation>
            <gmd:CI_Citation>
               <gmd:title xsi:type="gmd:PT_FreeText_PropertyType">
                  <gco:CharacterString>Das digitale Höhenmodell der Schweiz mit einer Maschenweite von 200 m</gco:CharacterString>
                  <gmd:PT_FreeText>
                     <gmd:textGroup>
                        <gmd:LocalisedCharacterString locale="#DE">Das digitale Höhenmodell der Schweiz mit einer Maschenweite von 200 m</gmd:LocalisedCharacterString>
                     </gmd:textGroup>
                     <gmd:textGroup>
                        <gmd:LocalisedCharacterString locale="#FR">Le modéle numérique de terrain de la Suisse avec une maille de 200m</gmd:LocalisedCharacterString>
                     </gmd:textGroup>
                     <gmd:textGroup>
                        <gmd:LocalisedCharacterString locale="#IT">Il modello altitudinale della Svizzera con una maglia di 200m</gmd:LocalisedCharacterString>
                     </gmd:textGroup>
                     <gmd:textGroup>
                        <gmd:LocalisedCharacterString locale="#EN">The digital height model of Switzerland with a 200m grid</gmd:LocalisedCharacterString>
                     </gmd:textGroup>
                  </gmd:PT_FreeText>
               </gmd:title>
               <gmd:alternateTitle xsi:type="gmd:PT_FreeText_PropertyType">
                  <gco:CharacterString>DHM25 / 200</gco:CharacterString>
                  <gmd:PT_FreeText>
                     <gmd:textGroup>
                        <gmd:LocalisedCharacterString locale="#DE">DHM25 / 200</gmd:LocalisedCharacterString>
                     </gmd:textGroup>
                     <gmd:textGroup>
                        <gmd:LocalisedCharacterString locale="#FR">MNT25 / 200</gmd:LocalisedCharacterString>
                     </gmd:textGroup>
                     <gmd:textGroup>
                        <gmd:LocalisedCharacterString locale="#IT">MDT25 / 200</gmd:LocalisedCharacterString>
                     </gmd:textGroup>
                     <gmd:textGroup>
                        <gmd:LocalisedCharacterString locale="#EN">DHM25 / 200</gmd:LocalisedCharacterString>
                     </gmd:textGroup>
                  </gmd:PT_FreeText>
               </gmd:alternateTitle>
               <gmd:date>
                  <gmd:CI_Date>
                     <gmd:date>
                        <gco:Date>2010-01-01</gco:Date>
                     </gmd:date>
                     <gmd:dateType>
                        <gmd:CI_DateTypeCode codeList="http://standards.iso.org/ittf/PubliclyAvailableStandards/ISO_19139_Schemas/resources/codelist/ML_gmxCodelists.xml#CI_DateTypeCode"
                                             codeListValue="publication"/>
                     </gmd:dateType>
                  </gmd:CI_Date>
               </gmd:date>
               <gmd:identifier>
                  <gmd:MD_Identifier>
                     <gmd:code>
                        <gco:CharacterString>41.3</gco:CharacterString>
                     </gmd:code>
                  </gmd:MD_Identifier>
               </gmd:identifier>
            </gmd:CI_Citation>
         </gmd:citation>
         <gmd:abstract xsi:type="gmd:PT_FreeText_PropertyType">
            <gco:CharacterString>Das digitale Höhenmodell DHM25 / 200 ist ein Datensatz, welcher die dreidimensionale Form der Erdoberfläche beschreibt. Es handelt sich um eine Höhenmatrix mit einer Maschenweite von 200 m. Er wurde aus dem Matrixmodell DHM25, welches eine Maschenweite von 25m hat, abgeleitet. Das DHM25 / 200 gibt die Form der rohen Erdoberfläche ohne Bewuchs und Bebauung wieder. Seen werden mit der Seeoberfläche dargestellt. DHM25 / 200 kann gratis heruntergeladen werden.</gco:CharacterString>
            <gmd:PT_FreeText>
               <gmd:textGroup>
                  <gmd:LocalisedCharacterString locale="#DE">Das digitale Höhenmodell DHM25 / 200 ist ein Datensatz, welcher die dreidimensionale Form der Erdoberfläche beschreibt. Es handelt sich um eine Höhenmatrix mit einer Maschenweite von 200 m. Er wurde aus dem Matrixmodell DHM25, welches eine Maschenweite von 25m hat, abgeleitet. Das DHM25 / 200 gibt die Form der rohen Erdoberfläche ohne Bewuchs und Bebauung wieder. Seen werden mit der Seeoberfläche dargestellt. DHM25 / 200 kann gratis heruntergeladen werden.</gmd:LocalisedCharacterString>
               </gmd:textGroup>
               <gmd:textGroup>
                  <gmd:LocalisedCharacterString locale="#FR">Le modèle numérique du terrain MNT25 / 200 est un jeu de données qui décrit la surface terrestre en trois dimensions. Il se présente sous la forme d’une matrice d'altitude avec une maille de 200 m. Il a été obtenu par un rééchantillonage du modèle matricielle MNT25 qui a une maille de 25m. Le MNT25 / 200 fournit les formes brutes de la surface terrestre, sans végétation ni construction. es lacs sont représentés par l'altitude de leur surface. MNT25 / 200 peut être téléchargé gratuitement.</gmd:LocalisedCharacterString>
               </gmd:textGroup>
               <gmd:textGroup>
                  <gmd:LocalisedCharacterString locale="#IT">Il modello altimetrico MDT25 / 200m é un set di dati che descrive la superficie terrestre in tre dimensioni. Si tratta di una matrice altitudinale con una maglia di 200m. Il modello a matrice è stato sviluppato mediante un ridimensionamento del modello a matrice MDT25 che ha una maglia di 25 m.L’MDT25 / 200m presenta le forme grezze della superficie terreste, senza vegetazione né costruzioni.I laghi sono rappresentati dall’altitudine della loro superficie. MDT25 / 200 può essere scaricato gratuitamente.</gmd:LocalisedCharacterString>
               </gmd:textGroup>
               <gmd:textGroup>
                  <gmd:LocalisedCharacterString locale="#EN">The digital height model DHM25 / 200 is a data set representing the three-dimensional form of the earth's surface. It is a height matrix with a 200-m grid. It has been resampled from the DHM25 matrix model, which has a 25-m grid. he DHM25 represents the topography of the earth's surface without vegetation or built up areas. Lakes are represented by their surface. DHM25 / 200 can be freely downloaded.</gmd:LocalisedCharacterString>
               </gmd:textGroup>
            </gmd:PT_FreeText>
         </gmd:abstract>
         <gmd:status>
            <gmd:MD_ProgressCode codeList="http://standards.iso.org/ittf/PubliclyAvailableStandards/ISO_19139_Schemas/resources/codelist/ML_gmxCodelists.xml#MD_ProgressCode"
                                 codeListValue="completed"/>
         </gmd:status>
         <gmd:pointOfContact>
            <gmd:CI_ResponsibleParty>
               <gmd:organisationName xsi:type="gmd:PT_FreeText_PropertyType">
                  <gco:CharacterString>Bundesamt für Landestopografie</gco:CharacterString>
                  <gmd:PT_FreeText>
                     <gmd:textGroup>
                        <gmd:LocalisedCharacterString locale="#DE">Bundesamt für Landestopografie</gmd:LocalisedCharacterString>
                     </gmd:textGroup>
                     <gmd:textGroup>
                        <gmd:LocalisedCharacterString locale="#FR">Office fédéral de topographie</gmd:LocalisedCharacterString>
                     </gmd:textGroup>
                     <gmd:textGroup>
                        <gmd:LocalisedCharacterString locale="#IT">Ufficio federale di topografia</gmd:LocalisedCharacterString>
                     </gmd:textGroup>
                     <gmd:textGroup>
                        <gmd:LocalisedCharacterString locale="#EN">Federal Office of Topography</gmd:LocalisedCharacterString>
                     </gmd:textGroup>
                  </gmd:PT_FreeText>
               </gmd:organisationName>
               <gmd:positionName xsi:type="gmd:PT_FreeText_PropertyType">
                  <gco:CharacterString>Geodatenabgabe</gco:CharacterString>
                  <gmd:PT_FreeText>
                     <gmd:textGroup>
                        <gmd:LocalisedCharacterString locale="#DE">Geodatenabgabe</gmd:LocalisedCharacterString>
                     </gmd:textGroup>
                     <gmd:textGroup>
                        <gmd:LocalisedCharacterString locale="#FR">Distribution des géodonnées</gmd:LocalisedCharacterString>
                     </gmd:textGroup>
                     <gmd:textGroup>
                        <gmd:LocalisedCharacterString locale="#IT">Distribuzione di geodati</gmd:LocalisedCharacterString>
                     </gmd:textGroup>
                     <gmd:textGroup>
                        <gmd:LocalisedCharacterString locale="#EN">Geodata Distribution</gmd:LocalisedCharacterString>
                     </gmd:textGroup>
                  </gmd:PT_FreeText>
               </gmd:positionName>
               <gmd:contactInfo>
                  <gmd:CI_Contact>
                     <gmd:phone>
                        <gmd:CI_Telephone>
                           <gmd:voice>
                              <gco:CharacterString>+41 58 469 01 11</gco:CharacterString>
                           </gmd:voice>
                           <gmd:facsimile>
                              <gco:CharacterString>+41 58 469 04 59</gco:CharacterString>
                           </gmd:facsimile>
                        </gmd:CI_Telephone>
                     </gmd:phone>
                     <gmd:address>
                        <gmd:CI_Address>
                           <gmd:city>
                              <gco:CharacterString>Wabern</gco:CharacterString>
                           </gmd:city>
                           <gmd:postalCode>
                              <gco:CharacterString>3084</gco:CharacterString>
                           </gmd:postalCode>
                           <gmd:country>
                              <gco:CharacterString>CH</gco:CharacterString>
                           </gmd:country>
                           <gmd:electronicMailAddress>
                              <gco:CharacterString>geodata@swisstopo.ch</gco:CharacterString>
                           </gmd:electronicMailAddress>
                        </gmd:CI_Address>
                     </gmd:address>
                     <gmd:onlineResource>
                        <gmd:CI_OnlineResource>
                           <gmd:linkage>
                              <gmd:URL>http://www.swisstopo.ch</gmd:URL>
                           </gmd:linkage>
                           <gmd:protocol>
                              <gco:CharacterString>text/html</gco:CharacterString>
                           </gmd:protocol>
                        </gmd:CI_OnlineResource>
                     </gmd:onlineResource>
                  </gmd:CI_Contact>
               </gmd:contactInfo>
               <gmd:role>
                  <gmd:CI_RoleCode codeList="http://www.isotc211.org/2005/resources/codeList.xml#CI_RoleCode"
                                   codeListValue="pointOfContact"/>
               </gmd:role>
            </gmd:CI_ResponsibleParty>
         </gmd:pointOfContact>
         <gmd:resourceMaintenance>
            <gmd:MD_MaintenanceInformation>
               <gmd:maintenanceAndUpdateFrequency>
                  <gmd:MD_MaintenanceFrequencyCode codeList="http://standards.iso.org/ittf/PubliclyAvailableStandards/ISO_19139_Schemas/resources/codelist/ML_gmxCodelists.xml#MD_MaintenanceFrequencyCode"
                                                   codeListValue="notPlanned"/>
               </gmd:maintenanceAndUpdateFrequency>
               <gmd:maintenanceNote xsi:type="gmd:PT_FreeText_PropertyType">
                  <gco:CharacterString>Der Nachführungsstand der Elemente des Basismodells entspricht demjenigen der Ersterfassung, mit Ausnahme der Gletschergebiete, welche gemäss dem im Winter 2000/2001 verfügbaren Kartenstand nachgeführt sind.</gco:CharacterString>
                  <gmd:PT_FreeText>
                     <gmd:textGroup>
                        <gmd:LocalisedCharacterString locale="#DE">Der Nachführungsstand der Elemente des Basismodells entspricht demjenigen der Ersterfassung, mit Ausnahme der Gletschergebiete, welche gemäss dem im Winter 2000/2001 verfügbaren Kartenstand nachgeführt sind.</gmd:LocalisedCharacterString>
                     </gmd:textGroup>
                     <gmd:textGroup>
                        <gmd:LocalisedCharacterString locale="#FR">L’état de mise à jour des éléments du modèle de base correspond à celui de la saisie initiale, exception faite des régions des glaciers qui ont été mises à jour sur la base des cartes disponibles en hiver 2000/⁄2001.</gmd:LocalisedCharacterString>
                     </gmd:textGroup>
                     <gmd:textGroup>
                        <gmd:LocalisedCharacterString locale="#EN">The status of the DHM25 corresponds to that of the initial capture and digitization of the elements for the basis model except for glacial regions, which were updated in winter 2000/2001.</gmd:LocalisedCharacterString>
                     </gmd:textGroup>
                  </gmd:PT_FreeText>
               </gmd:maintenanceNote>
            </gmd:MD_MaintenanceInformation>
         </gmd:resourceMaintenance>
         <gmd:descriptiveKeywords>
            <gmd:MD_Keywords>
               <gmd:keyword xsi:type="gmd:PT_FreeText_PropertyType">
                  <gco:CharacterString>Geodaten</gco:CharacterString>
                  <gmd:PT_FreeText>
                     <gmd:textGroup>
                        <gmd:LocalisedCharacterString locale="#DE">Geodaten</gmd:LocalisedCharacterString>
                     </gmd:textGroup>
                     <gmd:textGroup>
                        <gmd:LocalisedCharacterString locale="#FR">géodonnées</gmd:LocalisedCharacterString>
                     </gmd:textGroup>
                     <gmd:textGroup>
                        <gmd:LocalisedCharacterString locale="#IT">geodati</gmd:LocalisedCharacterString>
                     </gmd:textGroup>
                     <gmd:textGroup>
                        <gmd:LocalisedCharacterString locale="#EN">geodata</gmd:LocalisedCharacterString>
                     </gmd:textGroup>
                  </gmd:PT_FreeText>
               </gmd:keyword>
               <gmd:keyword xsi:type="gmd:PT_FreeText_PropertyType">
                  <gco:CharacterString>GIS (Geografisches Informationssystem)</gco:CharacterString>
                  <gmd:PT_FreeText>
                     <gmd:textGroup>
                        <gmd:LocalisedCharacterString locale="#DE">GIS (Geografisches Informationssystem)</gmd:LocalisedCharacterString>
                     </gmd:textGroup>
                     <gmd:textGroup>
                        <gmd:LocalisedCharacterString locale="#FR">SIG (Système d'Information Géographique)</gmd:LocalisedCharacterString>
                     </gmd:textGroup>
                     <gmd:textGroup>
                        <gmd:LocalisedCharacterString locale="#IT">GIS (Sistema Informativo Geografico)</gmd:LocalisedCharacterString>
                     </gmd:textGroup>
                     <gmd:textGroup>
                        <gmd:LocalisedCharacterString locale="#EN">GIS (Geographic Information System)</gmd:LocalisedCharacterString>
                     </gmd:textGroup>
                  </gmd:PT_FreeText>
               </gmd:keyword>
               <gmd:keyword xsi:type="gmd:PT_FreeText_PropertyType">
                  <gco:CharacterString>Isophyse</gco:CharacterString>
                  <gmd:PT_FreeText>
                     <gmd:textGroup>
                        <gmd:LocalisedCharacterString locale="#DE">Isophyse</gmd:LocalisedCharacterString>
                     </gmd:textGroup>
                     <gmd:textGroup>
                        <gmd:LocalisedCharacterString locale="#FR">Isophyse</gmd:LocalisedCharacterString>
                     </gmd:textGroup>
                     <gmd:textGroup>
                        <gmd:LocalisedCharacterString locale="#IT">Isofise</gmd:LocalisedCharacterString>
                     </gmd:textGroup>
                     <gmd:textGroup>
                        <gmd:LocalisedCharacterString locale="#EN">Isophysis</gmd:LocalisedCharacterString>
                     </gmd:textGroup>
                  </gmd:PT_FreeText>
               </gmd:keyword>
               <gmd:keyword xsi:type="gmd:PT_FreeText_PropertyType">
                  <gco:CharacterString>Geländedarstellung</gco:CharacterString>
                  <gmd:PT_FreeText>
                     <gmd:textGroup>
                        <gmd:LocalisedCharacterString locale="#DE">Geländedarstellung</gmd:LocalisedCharacterString>
                     </gmd:textGroup>
                     <gmd:textGroup>
                        <gmd:LocalisedCharacterString locale="#FR">représentation du terrain</gmd:LocalisedCharacterString>
                     </gmd:textGroup>
                     <gmd:textGroup>
                        <gmd:LocalisedCharacterString locale="#IT">rappresentazione del terreno</gmd:LocalisedCharacterString>
                     </gmd:textGroup>
                     <gmd:textGroup>
                        <gmd:LocalisedCharacterString locale="#EN">terrain representation</gmd:LocalisedCharacterString>
                     </gmd:textGroup>
                  </gmd:PT_FreeText>
               </gmd:keyword>
               <gmd:keyword xsi:type="gmd:PT_FreeText_PropertyType">
                  <gco:CharacterString>DHM (Digitales Höhenmodell)</gco:CharacterString>
                  <gmd:PT_FreeText>
                     <gmd:textGroup>
                        <gmd:LocalisedCharacterString locale="#DE">DHM (Digitales Höhenmodell)</gmd:LocalisedCharacterString>
                     </gmd:textGroup>
                     <gmd:textGroup>
                        <gmd:LocalisedCharacterString locale="#FR">MNA (modèle numérique d'altitude)</gmd:LocalisedCharacterString>
                     </gmd:textGroup>
                     <gmd:textGroup>
                        <gmd:LocalisedCharacterString locale="#IT">DEM (modello digitale di elevazione)</gmd:LocalisedCharacterString>
                     </gmd:textGroup>
                     <gmd:textGroup>
                        <gmd:LocalisedCharacterString locale="#EN">DEM (digital elevation model)</gmd:LocalisedCharacterString>
                     </gmd:textGroup>
                  </gmd:PT_FreeText>
               </gmd:keyword>
               <gmd:keyword xsi:type="gmd:PT_FreeText_PropertyType">
                  <gco:CharacterString>Höhenkurve</gco:CharacterString>
                  <gmd:PT_FreeText>
                     <gmd:textGroup>
                        <gmd:LocalisedCharacterString locale="#DE">Höhenkurve</gmd:LocalisedCharacterString>
                     </gmd:textGroup>
                     <gmd:textGroup>
                        <gmd:LocalisedCharacterString locale="#FR">Courbe de niveau</gmd:LocalisedCharacterString>
                     </gmd:textGroup>
                     <gmd:textGroup>
                        <gmd:LocalisedCharacterString locale="#IT">Curva di livello</gmd:LocalisedCharacterString>
                     </gmd:textGroup>
                     <gmd:textGroup>
                        <gmd:LocalisedCharacterString locale="#EN">Countour line</gmd:LocalisedCharacterString>
                     </gmd:textGroup>
                  </gmd:PT_FreeText>
               </gmd:keyword>
               <gmd:keyword xsi:type="gmd:PT_FreeText_PropertyType">
                  <gco:CharacterString>Höhenkote</gco:CharacterString>
                  <gmd:PT_FreeText>
                     <gmd:textGroup>
                        <gmd:LocalisedCharacterString locale="#DE">Höhenkote</gmd:LocalisedCharacterString>
                     </gmd:textGroup>
                     <gmd:textGroup>
                        <gmd:LocalisedCharacterString locale="#FR">Cote d'altitude</gmd:LocalisedCharacterString>
                     </gmd:textGroup>
                     <gmd:textGroup>
                        <gmd:LocalisedCharacterString locale="#IT">quota altimetrica</gmd:LocalisedCharacterString>
                     </gmd:textGroup>
                     <gmd:textGroup>
                        <gmd:LocalisedCharacterString locale="#EN">Spot height</gmd:LocalisedCharacterString>
                     </gmd:textGroup>
                  </gmd:PT_FreeText>
               </gmd:keyword>
               <gmd:keyword xsi:type="gmd:PT_FreeText_PropertyType">
                  <gco:CharacterString>Topografie</gco:CharacterString>
                  <gmd:PT_FreeText>
                     <gmd:textGroup>
                        <gmd:LocalisedCharacterString locale="#DE">Topografie</gmd:LocalisedCharacterString>
                     </gmd:textGroup>
                     <gmd:textGroup>
                        <gmd:LocalisedCharacterString locale="#FR">topographie</gmd:LocalisedCharacterString>
                     </gmd:textGroup>
                     <gmd:textGroup>
                        <gmd:LocalisedCharacterString locale="#IT">topografia</gmd:LocalisedCharacterString>
                     </gmd:textGroup>
                     <gmd:textGroup>
                        <gmd:LocalisedCharacterString locale="#EN">topography</gmd:LocalisedCharacterString>
                     </gmd:textGroup>
                  </gmd:PT_FreeText>
               </gmd:keyword>
               <gmd:keyword xsi:type="gmd:PT_FreeText_PropertyType">
                  <gco:CharacterString>Digitales Terrainmodell DTM, Geländemodell DGM</gco:CharacterString>
                  <gmd:PT_FreeText>
                     <gmd:textGroup>
                        <gmd:LocalisedCharacterString locale="#DE">Digitales Terrainmodell DTM, Geländemodell DGM</gmd:LocalisedCharacterString>
                     </gmd:textGroup>
                     <gmd:textGroup>
                        <gmd:LocalisedCharacterString locale="#FR">Modèle numérique de terrain MNT</gmd:LocalisedCharacterString>
                     </gmd:textGroup>
                     <gmd:textGroup>
                        <gmd:LocalisedCharacterString locale="#IT">modello digitale del terreno DTM</gmd:LocalisedCharacterString>
                     </gmd:textGroup>
                     <gmd:textGroup>
                        <gmd:LocalisedCharacterString locale="#EN">Digital terrain model DTM</gmd:LocalisedCharacterString>
                     </gmd:textGroup>
                  </gmd:PT_FreeText>
               </gmd:keyword>
               <gmd:keyword xsi:type="gmd:PT_FreeText_PropertyType">
                  <gco:CharacterString>Schummerung</gco:CharacterString>
                  <gmd:PT_FreeText>
                     <gmd:textGroup>
                        <gmd:LocalisedCharacterString locale="#DE">Schummerung</gmd:LocalisedCharacterString>
                     </gmd:textGroup>
                     <gmd:textGroup>
                        <gmd:LocalisedCharacterString locale="#FR">Ombrage</gmd:LocalisedCharacterString>
                     </gmd:textGroup>
                     <gmd:textGroup>
                        <gmd:LocalisedCharacterString locale="#IT">Ombreggiatura</gmd:LocalisedCharacterString>
                     </gmd:textGroup>
                     <gmd:textGroup>
                        <gmd:LocalisedCharacterString locale="#EN">Hillshading</gmd:LocalisedCharacterString>
                     </gmd:textGroup>
                  </gmd:PT_FreeText>
               </gmd:keyword>
               <gmd:keyword xsi:type="gmd:PT_FreeText_PropertyType">
                  <gco:CharacterString>opendata.swiss</gco:CharacterString>
                  <gmd:PT_FreeText>
                     <gmd:textGroup>
                        <gmd:LocalisedCharacterString locale="#DE">opendata.swiss</gmd:LocalisedCharacterString>
                     </gmd:textGroup>
                     <gmd:textGroup>
                        <gmd:LocalisedCharacterString locale="#FR">opendata.swiss</gmd:LocalisedCharacterString>
                     </gmd:textGroup>
                     <gmd:textGroup>
                        <gmd:LocalisedCharacterString locale="#IT">opendata.swiss</gmd:LocalisedCharacterString>
                     </gmd:textGroup>
                     <gmd:textGroup>
                        <gmd:LocalisedCharacterString locale="#EN">opendata.swiss</gmd:LocalisedCharacterString>
                     </gmd:textGroup>
                  </gmd:PT_FreeText>
               </gmd:keyword>
               <gmd:keyword xsi:type="gmd:PT_FreeText_PropertyType">
                  <gco:CharacterString>3D Visualisierung</gco:CharacterString>
                  <gmd:PT_FreeText>
                     <gmd:textGroup>
                        <gmd:LocalisedCharacterString locale="#DE">3D Visualisierung</gmd:LocalisedCharacterString>
                     </gmd:textGroup>
                     <gmd:textGroup>
                        <gmd:LocalisedCharacterString locale="#FR">visualisation 3D</gmd:LocalisedCharacterString>
                     </gmd:textGroup>
                     <gmd:textGroup>
                        <gmd:LocalisedCharacterString locale="#IT">visualizzazione 3D</gmd:LocalisedCharacterString>
                     </gmd:textGroup>
                     <gmd:textGroup>
                        <gmd:LocalisedCharacterString locale="#EN">3D visualisation</gmd:LocalisedCharacterString>
                     </gmd:textGroup>
                  </gmd:PT_FreeText>
               </gmd:keyword>
               <gmd:type>
                  <gmd:MD_KeywordTypeCode codeList="http://www.isotc211.org/2005/resources/codeList.xml#MD_KeywordTypeCode"
                                          codeListValue="theme"/>
               </gmd:type>
               <gmd:thesaurusName>
                  <gmd:CI_Citation>
                     <gmd:title>
                        <gco:CharacterString>geocat.ch</gco:CharacterString>
                     </gmd:title>
                     <gmd:date>
                        <gmd:CI_Date>
                           <gmd:date>
                              <gco:Date>2021-01-29</gco:Date>
                           </gmd:date>
                           <gmd:dateType>
                              <gmd:CI_DateTypeCode codeList="http://standards.iso.org/iso/19139/resources/gmxCodelists.xml#CI_DateTypeCode"
                                                   codeListValue="publication"/>
                           </gmd:dateType>
                        </gmd:CI_Date>
                     </gmd:date>
                     <gmd:identifier>
                        <gmd:MD_Identifier>
                           <gmd:code>
                              <gmx:Anchor>
                    geonetwork.thesaurus.local.theme.geocat.ch</gmx:Anchor>
                           </gmd:code>
                        </gmd:MD_Identifier>
                     </gmd:identifier>
                  </gmd:CI_Citation>
               </gmd:thesaurusName>
            </gmd:MD_Keywords>
         </gmd:descriptiveKeywords>
         <gmd:descriptiveKeywords>
            <gmd:MD_Keywords>
               <gmd:keyword xsi:type="gmd:PT_FreeText_PropertyType">
                  <gco:CharacterString>Höhe</gco:CharacterString>
                  <gmd:PT_FreeText>
                     <gmd:textGroup>
                        <gmd:LocalisedCharacterString locale="#DE">Höhe</gmd:LocalisedCharacterString>
                     </gmd:textGroup>
                     <gmd:textGroup>
                        <gmd:LocalisedCharacterString locale="#FR">Altitude</gmd:LocalisedCharacterString>
                     </gmd:textGroup>
                     <gmd:textGroup>
                        <gmd:LocalisedCharacterString locale="#IT">Elevazione</gmd:LocalisedCharacterString>
                     </gmd:textGroup>
                     <gmd:textGroup>
                        <gmd:LocalisedCharacterString locale="#EN">Elevation</gmd:LocalisedCharacterString>
                     </gmd:textGroup>
                  </gmd:PT_FreeText>
               </gmd:keyword>
               <gmd:type>
                  <gmd:MD_KeywordTypeCode codeList="http://www.isotc211.org/2005/resources/codeList.xml#MD_KeywordTypeCode"
                                          codeListValue="theme"/>
               </gmd:type>
               <gmd:thesaurusName>
                  <gmd:CI_Citation>
                     <gmd:title>
                        <gco:CharacterString>GEMET - INSPIRE themes, version 1.0</gco:CharacterString>
                     </gmd:title>
                     <gmd:date>
                        <gmd:CI_Date>
                           <gmd:date>
                              <gco:Date>2008-06-01</gco:Date>
                           </gmd:date>
                           <gmd:dateType>
                              <gmd:CI_DateTypeCode codeList="http://standards.iso.org/iso/19139/resources/gmxCodelists.xml#CI_DateTypeCode"
                                                   codeListValue="publication"/>
                           </gmd:dateType>
                        </gmd:CI_Date>
                     </gmd:date>
                     <gmd:identifier>
                        <gmd:MD_Identifier>
                           <gmd:code>
                              <gmx:Anchor>
                    geonetwork.thesaurus.external.theme.inspire-theme</gmx:Anchor>
                           </gmd:code>
                        </gmd:MD_Identifier>
                     </gmd:identifier>
                  </gmd:CI_Citation>
               </gmd:thesaurusName>
            </gmd:MD_Keywords>
         </gmd:descriptiveKeywords>
         <gmd:descriptiveKeywords>
            <gmd:MD_Keywords>
               <gmd:keyword xsi:type="gmd:PT_FreeText_PropertyType">
                  <gco:CharacterString>Relief</gco:CharacterString>
                  <gmd:PT_FreeText>
                     <gmd:textGroup>
                        <gmd:LocalisedCharacterString locale="#DE">Relief</gmd:LocalisedCharacterString>
                     </gmd:textGroup>
                     <gmd:textGroup>
                        <gmd:LocalisedCharacterString locale="#FR">relief</gmd:LocalisedCharacterString>
                     </gmd:textGroup>
                     <gmd:textGroup>
                        <gmd:LocalisedCharacterString locale="#IT">rilievo</gmd:LocalisedCharacterString>
                     </gmd:textGroup>
                     <gmd:textGroup>
                        <gmd:LocalisedCharacterString locale="#EN">relief (land)</gmd:LocalisedCharacterString>
                     </gmd:textGroup>
                  </gmd:PT_FreeText>
               </gmd:keyword>
               <gmd:type>
                  <gmd:MD_KeywordTypeCode codeList="http://www.isotc211.org/2005/resources/codeList.xml#MD_KeywordTypeCode"
                                          codeListValue="theme"/>
               </gmd:type>
               <gmd:thesaurusName>
                  <gmd:CI_Citation>
                     <gmd:title>
                        <gco:CharacterString>GEMET</gco:CharacterString>
                     </gmd:title>
                     <gmd:date>
                        <gmd:CI_Date>
                           <gmd:date>
                              <gco:Date>2018-08-16</gco:Date>
                           </gmd:date>
                           <gmd:dateType>
                              <gmd:CI_DateTypeCode codeList="http://standards.iso.org/iso/19139/resources/gmxCodelists.xml#CI_DateTypeCode"
                                                   codeListValue="publication"/>
                           </gmd:dateType>
                        </gmd:CI_Date>
                     </gmd:date>
                     <gmd:identifier>
                        <gmd:MD_Identifier>
                           <gmd:code>
                              <gmx:Anchor>
                    geonetwork.thesaurus.external.theme.gemet</gmx:Anchor>
                           </gmd:code>
                        </gmd:MD_Identifier>
                     </gmd:identifier>
                  </gmd:CI_Citation>
               </gmd:thesaurusName>
            </gmd:MD_Keywords>
         </gmd:descriptiveKeywords>
         <gmd:resourceConstraints>
            <gmd:MD_LegalConstraints>
               <gmd:useConstraints>
                  <gmd:MD_RestrictionCode codeList="http://standards.iso.org/ittf/PubliclyAvailableStandards/ISO_19139_Schemas/resources/codelist/ML_gmxCodelists.xml#MD_RestrictionCode"
                                          codeListValue="license"/>
               </gmd:useConstraints>
            </gmd:MD_LegalConstraints>
         </gmd:resourceConstraints>
         <gmd:aggregationInfo>
            <gmd:MD_AggregateInformation>
               <gmd:aggregateDataSetIdentifier>
                  <gmd:MD_Identifier>
                     <gmd:code>
                        <gco:CharacterString>ad654fde-9b0d-4385-8a4a-b59f50a42e25</gco:CharacterString>
                     </gmd:code>
                  </gmd:MD_Identifier>
               </gmd:aggregateDataSetIdentifier>
               <gmd:associationType>
                  <gmd:DS_AssociationTypeCode codeList="http://standards.iso.org/ittf/PubliclyAvailableStandards/ISO_19139_Schemas/resources/codelist/ML_gmxCodelists.xml#DS_AssociationTypeCode"
                                              codeListValue="largerWorkCitation"/>
               </gmd:associationType>
            </gmd:MD_AggregateInformation>
         </gmd:aggregationInfo>
         <gmd:spatialRepresentationType>
            <gmd:MD_SpatialRepresentationTypeCode codeList="http://standards.iso.org/ittf/PubliclyAvailableStandards/ISO_19139_Schemas/resources/codelist/ML_gmxCodelists.xml#MD_SpatialRepresentationTypeCode"
                                                  codeListValue="grid"/>
         </gmd:spatialRepresentationType>
         <gmd:spatialResolution>
            <gmd:MD_Resolution>
               <gmd:distance>
                  <gco:Distance uom="m">200</gco:Distance>
               </gmd:distance>
            </gmd:MD_Resolution>
         </gmd:spatialResolution>
         <gmd:language>
            <gmd:LanguageCode codeList="http://www.loc.gov/standards/iso639-2/" codeListValue="ger"/>
         </gmd:language>
         <gmd:characterSet>
            <gmd:MD_CharacterSetCode codeList="http://standards.iso.org/ittf/PubliclyAvailableStandards/ISO_19139_Schemas/resources/codelist/ML_gmxCodelists.xml#MD_CharacterSetCode"
                                     codeListValue="utf8"/>
         </gmd:characterSet>
         <gmd:topicCategory>
            <gmd:MD_TopicCategoryCode>elevation</gmd:MD_TopicCategoryCode>
         </gmd:topicCategory>
         <gmd:extent>
            <gmd:EX_Extent>
               <gmd:description xsi:type="gmd:PT_FreeText_PropertyType">
                  <gco:CharacterString>DHM25</gco:CharacterString>
                  <gmd:PT_FreeText>
                     <gmd:textGroup>
                        <gmd:LocalisedCharacterString locale="#DE">DHM25</gmd:LocalisedCharacterString>
                     </gmd:textGroup>
                     <gmd:textGroup>
                        <gmd:LocalisedCharacterString locale="#FR">MNT25</gmd:LocalisedCharacterString>
                     </gmd:textGroup>
                     <gmd:textGroup>
                        <gmd:LocalisedCharacterString locale="#IT">MDT25</gmd:LocalisedCharacterString>
                     </gmd:textGroup>
                     <gmd:textGroup>
                        <gmd:LocalisedCharacterString locale="#EN">DHM25</gmd:LocalisedCharacterString>
                     </gmd:textGroup>
                  </gmd:PT_FreeText>
               </gmd:description>
               <gmd:geographicElement>
                  <gmd:EX_GeographicDescription>
                     <gmd:geographicIdentifier>
                        <gmd:MD_Identifier>
                           <gmd:code xsi:type="gmd:PT_FreeText_PropertyType">
                              <gco:CharacterString>DHM25</gco:CharacterString>
                              <gmd:PT_FreeText>
                                 <gmd:textGroup>
                                    <gmd:LocalisedCharacterString locale="#DE">DHM25</gmd:LocalisedCharacterString>
                                 </gmd:textGroup>
                                 <gmd:textGroup>
                                    <gmd:LocalisedCharacterString locale="#FR">MNT25</gmd:LocalisedCharacterString>
                                 </gmd:textGroup>
                                 <gmd:textGroup>
                                    <gmd:LocalisedCharacterString locale="#IT">MDT25</gmd:LocalisedCharacterString>
                                 </gmd:textGroup>
                                 <gmd:textGroup>
                                    <gmd:LocalisedCharacterString locale="#EN">DHM25</gmd:LocalisedCharacterString>
                                 </gmd:textGroup>
                              </gmd:PT_FreeText>
                           </gmd:code>
                        </gmd:MD_Identifier>
                     </gmd:geographicIdentifier>
                  </gmd:EX_GeographicDescription>
               </gmd:geographicElement>
               <gmd:geographicElement>
                  <gmd:EX_GeographicBoundingBox>
                     <gmd:westBoundLongitude>
                        <gco:Decimal>5.86724980477195</gco:Decimal>
                     </gmd:westBoundLongitude>
                     <gmd:eastBoundLongitude>
                        <gco:Decimal>10.9209148915328</gco:Decimal>
                     </gmd:eastBoundLongitude>
                     <gmd:southBoundLatitude>
                        <gco:Decimal>45.8026783822663</gco:Decimal>
                     </gmd:southBoundLatitude>
                     <gmd:northBoundLatitude>
                        <gco:Decimal>47.866161858363</gco:Decimal>
                     </gmd:northBoundLatitude>
                  </gmd:EX_GeographicBoundingBox>
               </gmd:geographicElement>
               <gmd:geographicElement>
                  <gmd:EX_BoundingPolygon>
                     <gmd:polygon> 
                        <gml:MultiSurface gml:id="_ms289711958901">
                           <gml:surfaceMember>
                              <gml:Polygon gml:id="_p282208565622">
                                 <gml:exterior>
                                    <gml:LinearRing>
                                       <gml:posList srsDimension="2">9.744139 46.33392 9.739567 46.226018 9.512826 46.230409 9.515572 46.302346 9.288498 46.306287 9.278755 46.01851 9.052844 46.021973 9.050192 45.932038 9.07597 45.931664 9.075432 45.913678 9.275126 45.910592 9.271514 45.802678 8.821444 45.809132 8.82417 45.917058 8.598657 45.919614 8.603249 46.13548 8.376819 46.137589 8.37868 46.24553 8.171238 46.247063 8.169789 46.139119 8.150379 46.139245 8.147574 45.92336 7.88979 45.924691 7.889679 45.911199 7.709107 45.911775 7.709173 45.925271 7.470874 45.925587 7.470811 45.817647 7.020557 45.816865 7.01973 45.924809 6.794167 45.923737 6.79161 46.139623 5.976484 46.131993 5.976725 46.122998 5.950858 46.122659 5.950611 46.131654 5.885931 46.13078 5.86725 46.778333 6.325496 46.783727 6.316493 47.215447 6.778517 47.219029 6.77313 47.650727 8.17065 47.650338 8.173641 47.866162 9.576404 47.848874 9.567702 47.633122 10.033128 47.623647 10.012183 47.192162 10.473677 47.180909 10.46148 46.965192 10.920915 46.952142 10.893156 46.520783 10.46017 46.533124 10.459918 46.52863 10.440402 46.529149 10.440651 46.533643 10.209407 46.539517 10.192932 46.215875 10.095818 46.218201 10.095157 46.204713 10.043342 46.205922 10.043988 46.219407 9.96627 46.221173 9.971291 46.329064 9.744139 46.33392</gml:posList>
                                    </gml:LinearRing>
                                 </gml:exterior>
                              </gml:Polygon>
                           </gml:surfaceMember>
                        </gml:MultiSurface>
                     </gmd:polygon>
                  </gmd:EX_BoundingPolygon>
               </gmd:geographicElement>
            </gmd:EX_Extent>
         </gmd:extent>
      </gmd:MD_DataIdentification>
  </gmd:identificationInfo>
   <gmd:contentInfo xmlns:che="http://www.geocat.ch/2008/che"
                    xmlns:gco="http://www.isotc211.org/2005/gco"
                    xmlns:srv="http://www.isotc211.org/2005/srv"
                    xmlns:gmx="http://www.isotc211.org/2005/gmx"
                    xmlns:gts="http://www.isotc211.org/2005/gts"
                    xmlns:gsr="http://www.isotc211.org/2005/gsr"
                    xmlns:gmi="http://www.isotc211.org/2005/gmi"
                    xmlns:gml="http://www.opengis.net/gml/3.2"
                    xmlns:xlink="http://www.w3.org/1999/xlink"
                    xmlns:geonet="http://www.fao.org/geonetwork"/>
   <gmd:contentInfo xmlns:che="http://www.geocat.ch/2008/che"
                    xmlns:gco="http://www.isotc211.org/2005/gco"
                    xmlns:srv="http://www.isotc211.org/2005/srv"
                    xmlns:gmx="http://www.isotc211.org/2005/gmx"
                    xmlns:gts="http://www.isotc211.org/2005/gts"
                    xmlns:gsr="http://www.isotc211.org/2005/gsr"
                    xmlns:gmi="http://www.isotc211.org/2005/gmi"
                    xmlns:gml="http://www.opengis.net/gml/3.2"
                    xmlns:xlink="http://www.w3.org/1999/xlink"
                    xmlns:geonet="http://www.fao.org/geonetwork"/>
   <gmd:distributionInfo xmlns:java="java:org.fao.geonet.util.XslUtil"
                         xmlns:che="http://www.geocat.ch/2008/che"
                         xmlns:gco="http://www.isotc211.org/2005/gco"
                         xmlns:srv="http://www.isotc211.org/2005/srv"
                         xmlns:gmx="http://www.isotc211.org/2005/gmx"
                         xmlns:gts="http://www.isotc211.org/2005/gts"
                         xmlns:gsr="http://www.isotc211.org/2005/gsr"
                         xmlns:gmi="http://www.isotc211.org/2005/gmi"
                         xmlns:gml="http://www.opengis.net/gml/3.2"
                         xmlns:xlink="http://www.w3.org/1999/xlink"
                         xmlns:geonet="http://www.fao.org/geonetwork">
      <gmd:MD_Distribution>
         <gmd:distributionFormat>
            <gmd:MD_Format>
               <gmd:name>
                  <gco:CharacterString>ESRI ArcInfo ASCII GRID</gco:CharacterString>
               </gmd:name>
               <gmd:version>
                  <gco:CharacterString>-</gco:CharacterString>
               </gmd:version>
            </gmd:MD_Format>
         </gmd:distributionFormat>
         <gmd:distributionFormat>
            <gmd:MD_Format>
               <gmd:name>
                  <gco:CharacterString>ASCII XYZ</gco:CharacterString>
               </gmd:name>
               <gmd:version>
                  <gco:CharacterString>-</gco:CharacterString>
               </gmd:version>
            </gmd:MD_Format>
         </gmd:distributionFormat>
         <gmd:distributionFormat>
            <gmd:MD_Format>
               <gmd:name>
                  <gco:CharacterString>DXF</gco:CharacterString>
               </gmd:name>
               <gmd:version>
                  <gco:CharacterString>14</gco:CharacterString>
               </gmd:version>
            </gmd:MD_Format>
         </gmd:distributionFormat>
         <gmd:transferOptions>
            <gmd:MD_DigitalTransferOptions>
               <gmd:onLine>
                  <gmd:CI_OnlineResource>
                     <gmd:linkage>
                        <gmd:URL>http://data.geo.admin.ch/ch.swisstopo.digitales-hoehenmodell_25/data.zip</gmd:URL>
                     </gmd:linkage>
                     <gmd:protocol>
                        <gco:CharacterString>WWW:DOWNLOAD-URL</gco:CharacterString>
                     </gmd:protocol>
                     <gmd:description xsi:type="gmd:PT_FreeText_PropertyType">
                        <gco:CharacterString>Download von data.geo.admin.ch</gco:CharacterString>
                        <gmd:PT_FreeText>
                           <gmd:textGroup>
                              <gmd:LocalisedCharacterString locale="#DE">Download von data.geo.admin.ch</gmd:LocalisedCharacterString>
                           </gmd:textGroup>
                           <gmd:textGroup>
                              <gmd:LocalisedCharacterString locale="#FR">Serveur de téléchargement de geo.admin.ch</gmd:LocalisedCharacterString>
                           </gmd:textGroup>
                           <gmd:textGroup>
                              <gmd:LocalisedCharacterString locale="#IT">Server di download di geo.admin.ch</gmd:LocalisedCharacterString>
                           </gmd:textGroup>
                           <gmd:textGroup>
                              <gmd:LocalisedCharacterString locale="#EN">Download server from geo.admin.ch</gmd:LocalisedCharacterString>
                           </gmd:textGroup>
                        </gmd:PT_FreeText>
                     </gmd:description>
                     <gmd:function>
                        <gmd:CI_OnLineFunctionCode codeList="http://standards.iso.org/ittf/PubliclyAvailableStandards/ISO_19139_Schemas/resources/codelist/ML_gmxCodelists.xml#CI_OnLineFunctionCode"
                                                   codeListValue="download"/>
                     </gmd:function>
                  </gmd:CI_OnlineResource>
               </gmd:onLine>
               <gmd:onLine>
                  <gmd:CI_OnlineResource>
                     <gmd:linkage>
                        <gmd:URL>https://www.swisstopo.admin.ch/de/geodata/height/dhm25200.html</gmd:URL>
                     </gmd:linkage>
                     <gmd:protocol>
                        <gco:CharacterString>WWW:DOWNLOAD-URL</gco:CharacterString>
                     </gmd:protocol>
                     <gmd:name xsi:type="gmd:PT_FreeText_PropertyType">
                        <gco:CharacterString>Shop</gco:CharacterString>
                        <gmd:PT_FreeText>
                           <gmd:textGroup>
                              <gmd:LocalisedCharacterString locale="#DE">Shop</gmd:LocalisedCharacterString>
                           </gmd:textGroup>
                           <gmd:textGroup>
                              <gmd:LocalisedCharacterString locale="#FR">Shop</gmd:LocalisedCharacterString>
                           </gmd:textGroup>
                           <gmd:textGroup>
                              <gmd:LocalisedCharacterString locale="#IT">Shop</gmd:LocalisedCharacterString>
                           </gmd:textGroup>
                           <gmd:textGroup>
                              <gmd:LocalisedCharacterString locale="#EN">Shop</gmd:LocalisedCharacterString>
                           </gmd:textGroup>
                        </gmd:PT_FreeText>
                     </gmd:name>
                     <gmd:description gco:nilReason="missing" xsi:type="gmd:PT_FreeText_PropertyType">
                        <gco:CharacterString/>
                     </gmd:description>
                  </gmd:CI_OnlineResource>
               </gmd:onLine>
               <gmd:onLine>
                  <gmd:CI_OnlineResource>
                     <gmd:linkage>
                        <gmd:URL>https://www.swisstopo.admin.ch/de/geodata/height/dhm25200.html</gmd:URL>
                     </gmd:linkage>
                     <gmd:protocol>
                        <gco:CharacterString>WWW:LINK-1.0-http--link</gco:CharacterString>
                     </gmd:protocol>
                     <gmd:name xsi:type="gmd:PT_FreeText_PropertyType">
                        <gco:CharacterString>MNT25 / 200m</gco:CharacterString>
                        <gmd:PT_FreeText>
                           <gmd:textGroup>
                              <gmd:LocalisedCharacterString locale="#DE">MNT25 / 200m</gmd:LocalisedCharacterString>
                           </gmd:textGroup>
                        </gmd:PT_FreeText>
                     </gmd:name>
                     <gmd:description gco:nilReason="missing" xsi:type="gmd:PT_FreeText_PropertyType">
                        <gco:CharacterString/>
                     </gmd:description>
                  </gmd:CI_OnlineResource>
               </gmd:onLine>
            </gmd:MD_DigitalTransferOptions>
         </gmd:transferOptions>
      </gmd:MD_Distribution>
  </gmd:distributionInfo>
   <gmd:dataQualityInfo xmlns:che="http://www.geocat.ch/2008/che"
                        xmlns:gco="http://www.isotc211.org/2005/gco"
                        xmlns:srv="http://www.isotc211.org/2005/srv"
                        xmlns:gmx="http://www.isotc211.org/2005/gmx"
                        xmlns:gts="http://www.isotc211.org/2005/gts"
                        xmlns:gsr="http://www.isotc211.org/2005/gsr"
                        xmlns:gmi="http://www.isotc211.org/2005/gmi"
                        xmlns:gml="http://www.opengis.net/gml/3.2"
                        xmlns:xlink="http://www.w3.org/1999/xlink"
                        xmlns:geonet="http://www.fao.org/geonetwork">
      <gmd:DQ_DataQuality>
         <gmd:scope>
            <gmd:DQ_Scope>
               <gmd:level>
                  <gmd:MD_ScopeCode codeList="http://standards.iso.org/ittf/PubliclyAvailableStandards/ISO_19139_Schemas/resources/codelist/ML_gmxCodelists.xml#MD_ScopeCode"
                                    codeListValue="dataset"/>
               </gmd:level>
            </gmd:DQ_Scope>
         </gmd:scope>
         <gmd:lineage>
            <gmd:LI_Lineage>
               <gmd:statement xsi:type="gmd:PT_FreeText_PropertyType">
                  <gco:CharacterString>Interpolation aus der Höheninformation der Landeskarte 1:25'000 abgeleitet, der Landeskarte 1:50'000 im erweiterten Perimeter.</gco:CharacterString>
                  <gmd:PT_FreeText>
                     <gmd:textGroup>
                        <gmd:LocalisedCharacterString locale="#DE">Interpolation aus der Höheninformation der Landeskarte 1:25'000 abgeleitet, der Landeskarte 1:50'000 im erweiterten Perimeter.</gmd:LocalisedCharacterString>
                     </gmd:textGroup>
                     <gmd:textGroup>
                        <gmd:LocalisedCharacterString locale="#FR">Interpolation basée sur les informations d'altitude de la Carte nationale 1:25'000 et de la Carte nationale 1:50'000 pour le périmètre élargi.</gmd:LocalisedCharacterString>
                     </gmd:textGroup>
                     <gmd:textGroup>
                        <gmd:LocalisedCharacterString locale="#EN">Interpolation based on the elevation information of the National map 1:25'000, of the National map 1:50'000 for the extended perimeter.</gmd:LocalisedCharacterString>
                     </gmd:textGroup>
                  </gmd:PT_FreeText>
               </gmd:statement>
            </gmd:LI_Lineage>
         </gmd:lineage>
      </gmd:DQ_DataQuality>
  </gmd:dataQualityInfo>
   <gmd:metadataMaintenance xmlns:che="http://www.geocat.ch/2008/che"
                            xmlns:gco="http://www.isotc211.org/2005/gco"
                            xmlns:srv="http://www.isotc211.org/2005/srv"
                            xmlns:gmx="http://www.isotc211.org/2005/gmx"
                            xmlns:gts="http://www.isotc211.org/2005/gts"
                            xmlns:gsr="http://www.isotc211.org/2005/gsr"
                            xmlns:gmi="http://www.isotc211.org/2005/gmi"
                            xmlns:gml="http://www.opengis.net/gml/3.2"
                            xmlns:xlink="http://www.w3.org/1999/xlink"
                            xmlns:geonet="http://www.fao.org/geonetwork"/>
</gmd:MD_Metadata>